NAME,PASSWORD,EMAIL
vuxuser1,vuxPassw0rd,none@nowhere.net
vuxuser2,vuxPassw0rd,none@nowhere.net
vuxuser3,vuxPassw0rd,none@nowhere.net
vuxuser4,vuxPassw0rd,none@nowhere.net
vuxuser5,vuxPassw0rd,none@nowhere.net
vuxuser6,vuxPassw0rd,none@nowhere.net
vuxuser7,vuxPassw0rd,none@nowhere.net
vuxuser8,vuxPassw0rd,none@nowhere.net
vuxuser9,vuxPassw0rd,none@nowhere.net
vuxuser10,vuxPassw0rd,none@nowhere.net
vuxuser11,vuxPassw0rd,none@nowhere.net
vuxuser12,vuxPassw0rd,none@nowhere.net
vuxuser13,vuxPassw0rd,none@nowhere.net
vuxuser14,vuxPassw0rd,none@nowhere.net
vuxuser15,vuxPassw0rd,none@nowhere.net
vuxuser16,vuxPassw0rd,none@nowhere.net
vuxuser17,vuxPassw0rd,none@nowhere.net
vuxuser18,vuxPassw0rd,none@nowhere.net
vuxuser19,vuxPassw0rd,none@nowhere.net
vuxuser20,vuxPassw0rd,none@nowhere.net
vuxuser21,vuxPassw0rd,none@nowhere.net
vuxuser22,vuxPassw0rd,none@nowhere.net
vuxuser23,vuxPassw0rd,none@nowhere.net
vuxuser24,vuxPassw0rd,none@nowhere.net
vuxuser25,vuxPassw0rd,none@nowhere.net
vuxuser26,vuxPassw0rd,none@nowhere.net
vuxuser27,vuxPassw0rd,none@nowhere.net
vuxuser28,vuxPassw0rd,none@nowhere.net
vuxuser29,vuxPassw0rd,none@nowhere.net
vuxuser30,vuxPassw0rd,none@nowhere.net
vuxuser31,vuxPassw0rd,none@nowhere.net
vuxuser32,vuxPassw0rd,none@nowhere.net
vuxuser33,vuxPassw0rd,none@nowhere.net
vuxuser34,vuxPassw0rd,none@nowhere.net
vuxuser35,vuxPassw0rd,none@nowhere.net
vuxuser36,vuxPassw0rd,none@nowhere.net
vuxuser37,vuxPassw0rd,none@nowhere.net
vuxuser38,vuxPassw0rd,none@nowhere.net
vuxuser39,vuxPassw0rd,none@nowhere.net
vuxuser40,vuxPassw0rd,none@nowhere.net
vuxuser41,vuxPassw0rd,none@nowhere.net
vuxuser42,vuxPassw0rd,none@nowhere.net
vuxuser43,vuxPassw0rd,none@nowhere.net
vuxuser44,vuxPassw0rd,none@nowhere.net
vuxuser45,vuxPassw0rd,none@nowhere.net
vuxuser46,vuxPassw0rd,none@nowhere.net
vuxuser47,vuxPassw0rd,none@nowhere.net
vuxuser48,vuxPassw0rd,none@nowhere.net
vuxuser49,vuxPassw0rd,none@nowhere.net
vuxuser50,vuxPassw0rd,none@nowhere.net
vuxuser51,vuxPassw0rd,none@nowhere.net
vuxuser52,vuxPassw0rd,none@nowhere.net
vuxuser53,vuxPassw0rd,none@nowhere.net
vuxuser54,vuxPassw0rd,none@nowhere.net
vuxuser55,vuxPassw0rd,none@nowhere.net
vuxuser56,vuxPassw0rd,none@nowhere.net
vuxuser57,vuxPassw0rd,none@nowhere.net
vuxuser58,vuxPassw0rd,none@nowhere.net
vuxuser59,vuxPassw0rd,none@nowhere.net
vuxuser60,vuxPassw0rd,none@nowhere.net
vuxuser61,vuxPassw0rd,none@nowhere.net
vuxuser62,vuxPassw0rd,none@nowhere.net
vuxuser63,vuxPassw0rd,none@nowhere.net
vuxuser64,vuxPassw0rd,none@nowhere.net
vuxuser65,vuxPassw0rd,none@nowhere.net
vuxuser66,vuxPassw0rd,none@nowhere.net
vuxuser67,vuxPassw0rd,none@nowhere.net
vuxuser68,vuxPassw0rd,none@nowhere.net
vuxuser69,vuxPassw0rd,none@nowhere.net
vuxuser70,vuxPassw0rd,none@nowhere.net
vuxuser71,vuxPassw0rd,none@nowhere.net
vuxuser72,vuxPassw0rd,none@nowhere.net
vuxuser73,vuxPassw0rd,none@nowhere.net
vuxuser74,vuxPassw0rd,none@nowhere.net
vuxuser75,vuxPassw0rd,none@nowhere.net
vuxuser76,vuxPassw0rd,none@nowhere.net
vuxuser77,vuxPassw0rd,none@nowhere.net
vuxuser78,vuxPassw0rd,none@nowhere.net
vuxuser79,vuxPassw0rd,none@nowhere.net
vuxuser80,vuxPassw0rd,none@nowhere.net
vuxuser81,vuxPassw0rd,none@nowhere.net
vuxuser82,vuxPassw0rd,none@nowhere.net
vuxuser83,vuxPassw0rd,none@nowhere.net
vuxuser84,vuxPassw0rd,none@nowhere.net
vuxuser85,vuxPassw0rd,none@nowhere.net
vuxuser86,vuxPassw0rd,none@nowhere.net
vuxuser87,vuxPassw0rd,none@nowhere.net
vuxuser88,vuxPassw0rd,none@nowhere.net
vuxuser89,vuxPassw0rd,none@nowhere.net
vuxuser90,vuxPassw0rd,none@nowhere.net
vuxuser91,vuxPassw0rd,none@nowhere.net
vuxuser92,vuxPassw0rd,none@nowhere.net
vuxuser93,vuxPassw0rd,none@nowhere.net
vuxuser94,vuxPassw0rd,none@nowhere.net
vuxuser95,vuxPassw0rd,none@nowhere.net
vuxuser96,vuxPassw0rd,none@nowhere.net
vuxuser97,vuxPassw0rd,none@nowhere.net
vuxuser98,vuxPassw0rd,none@nowhere.net
vuxuser99,vuxPassw0rd,none@nowhere.net
vuxuser100,vuxPassw0rd,none@nowhere.net
